sample,symbol,time_s
77,N,0.21388888888888888
370,N,1.0277777777777777
662,N,1.8388888888888888
946,N,2.6277777777777778
1231,N,3.4194444444444443
1515,N,4.208333333333333
1809,N,5.025
2044,A,5.677777777777778
2402,N,6.6722222222222225
2706,N,7.516666666666667
2998,N,8.327777777777778
3282,N,9.116666666666667
3560,N,9.88888888888889
3862,N,10.727777777777778
4170,N,11.583333333333334
4466,N,12.405555555555555
4764,N,13.233333333333333
5060,N,14.055555555555555
5346,N,14.85
5633,N,15.647222222222222
5918,N,16.43888888888889
6214,N,17.261111111111113
6527,N,18.130555555555556
6823,N,18.95277777777778
7106,N,19.738888888888887
7391,N,20.530555555555555
7670,N,21.305555555555557
7953,N,22.091666666666665
8245,N,22.90277777777778
8539,N,23.719444444444445
8837,N,24.54722222222222
9141,N,25.391666666666666
9431,N,26.197222222222223
9710,N,26.97222222222222
9998,N,27.772222222222222
10282,N,28.56111111111111
10591,N,29.419444444444444
10894,N,30.261111111111113
11191,N,31.086111111111112
11480,N,31.88888888888889
11781,N,32.725
12066,N,33.516666666666666
12350,N,34.30555555555556
12645,N,35.125
12949,N,35.96944444444444
13266,N,36.85
13562,N,37.672222222222224
13842,N,38.45
14131,N,39.25277777777778
14423,N,40.06388888888889
14710,N,40.861111111111114
15011,N,41.69722222222222
15310,N,42.52777777777778
15607,N,43.352777777777774
15899,N,44.16388888888889
16183,N,44.952777777777776
16464,N,45.733333333333334
16755,N,46.541666666666664
17058,N,47.38333333333333
17358,N,48.21666666666667
17657,N,49.047222222222224
17947,N,49.852777777777774
18227,N,50.63055555555555
18514,N,51.42777777777778
18795,N,52.208333333333336
19080,N,53.0
19388,N,53.855555555555554
19693,N,54.702777777777776
19989,N,55.525
20271,N,56.30833333333333
20554,N,57.09444444444444
20837,N,57.88055555555555
21131,N,58.69722222222222
21423,N,59.50833333333333
21729,N,60.358333333333334
22029,N,61.19166666666667
22321,N,62.00277777777778
22603,N,62.78611111111111
22881,N,63.55833333333333
23164,N,64.34444444444445
23453,N,65.14722222222223
23756,N,65.9888888888889
24053,N,66.81388888888888
24345,N,67.625
24625,N,68.40277777777777
24913,N,69.20277777777778
25197,N,69.99166666666666
25485,N,70.79166666666667
25779,N,71.60833333333333
26088,N,72.46666666666667
26387,N,73.29722222222222
26670,N,74.08333333333333
26952,N,74.86666666666666
27237,N,75.65833333333333
27536,N,76.4888888888889
27833,N,77.31388888888888
28132,N,78.14444444444445
28431,N,78.975
28727,N,79.79722222222222
29014,N,80.59444444444445
29294,N,81.37222222222222
29580,N,82.16666666666667
29873,N,82.98055555555555
30182,N,83.83888888888889
30487,N,84.68611111111112
30779,N,85.49722222222222
31065,N,86.29166666666667
31348,N,87.07777777777778
31635,N,87.875
31927,N,88.68611111111112
32224,N,89.5111111111111
32529,N,90.35833333333333
32836,N,91.21111111111111
33127,N,92.01944444444445
33403,N,92.78611111111111
33691,N,93.58611111111111
33980,N,94.38888888888889
34274,N,95.20555555555555
34575,N,96.04166666666667
34870,N,96.86111111111111
35168,N,97.68888888888888
35455,N,98.48611111111111
35736,N,99.26666666666667
36016,N,100.04444444444445
36309,N,100.85833333333333
36605,N,101.68055555555556
36916,N,102.54444444444445
37215,N,103.375
37499,N,104.16388888888889
37782,N,104.95
38071,N,105.75277777777778
38356,N,106.54444444444445
38651,N,107.3638888888889
38950,N,108.19444444444444
39252,N,109.03333333333333
39547,N,109.85277777777777
39825,N,110.625
40096,N,111.37777777777778
40382,N,112.17222222222222
40677,N,112.99166666666666
40970,N,113.80555555555556
41271,N,114.64166666666667
41567,N,115.46388888888889
41849,N,116.24722222222222
42117,N,116.99166666666666
42416,N,117.82222222222222
42697,N,118.60277777777777
42996,N,119.43333333333334
43307,N,120.29722222222222
43603,N,121.11944444444444
43892,N,121.92222222222222
44172,N,122.7
44455,N,123.48611111111111
44743,N,124.28611111111111
45030,N,125.08333333333333
45323,N,125.89722222222223
45628,N,126.74444444444444
45925,N,127.56944444444444
46204,N,128.34444444444443
46478,N,129.10555555555555
46759,N,129.88611111111112
47037,N,130.65833333333333
47334,N,131.48333333333332
47632,N,132.3111111111111
47919,N,133.10833333333332
48202,N,133.89444444444445
48486,N,134.68333333333334
48766,N,135.4611111111111
49040,N,136.22222222222223
49323,N,137.00833333333333
49618,N,137.82777777777778
49923,N,138.675
50214,N,139.48333333333332
50491,N,140.25277777777777
50771,N,141.03055555555557
51056,N,141.82222222222222
51339,N,142.60833333333332
51626,N,143.40555555555557
51921,N,144.225
52216,N,145.04444444444445
52506,N,145.85
52784,N,146.62222222222223
53063,N,147.3972222222222
53341,N,148.16944444444445
53631,N,148.975
53923,N,149.7861111111111
54219,N,150.60833333333332
54507,N,151.40833333333333
54784,N,152.17777777777778
55064,N,152.95555555555555
55343,N,153.73055555555555
55625,N,154.51388888888889
55908,N,155.3
56207,N,156.13055555555556
56502,N,156.95
56784,N,157.73333333333332
57055,N,158.48611111111111
57333,N,159.25833333333333
57615,N,160.04166666666666
57900,N,160.83333333333334
58192,N,161.64444444444445
58490,N,162.47222222222223
58788,N,163.3
59077,N,164.1027777777778
59354,N,164.87222222222223
59631,N,165.64166666666668
59919,N,166.44166666666666
60214,N,167.26111111111112
60515,N,168.09722222222223
60817,N,168.9361111111111
61105,N,169.73611111111111
61391,N,170.53055555555557
61680,N,171.33333333333334
61963,N,172.11944444444444
62247,N,172.90833333333333
62547,N,173.74166666666667
62852,N,174.5888888888889
63154,N,175.42777777777778
63438,N,176.21666666666667
63711,N,176.975
63998,N,177.7722222222222
64288,N,178.57777777777778
64581,N,179.39166666666668
64876,N,180.2111111111111
65174,N,181.0388888888889
65464,N,181.84444444444443
65750,N,182.63888888888889
66030,N,183.41666666666666
66307,N,184.1861111111111
66604,N,185.01111111111112
66792,A,185.53333333333333
67130,N,186.47222222222223
67434,N,187.31666666666666
67728,N,188.13333333333333
68007,N,188.90833333333333
68302,N,189.7277777777778
68594,N,190.5388888888889
68886,N,191.35
69191,N,192.19722222222222
69503,N,193.0638888888889
69796,N,193.87777777777777
70073,N,194.6472222222222
70357,N,195.4361111111111
70643,N,196.23055555555555
70941,N,197.05833333333334
71240,N,197.88888888888889
71539,N,198.71944444444443
71845,N,199.56944444444446
72138,N,200.38333333333333
72417,N,201.15833333333333
72703,N,201.95277777777778
72998,N,202.7722222222222
73301,N,203.61388888888888
73611,N,204.475
73911,N,205.30833333333334
74196,N,206.1
74483,N,206.8972222222222
74767,N,207.6861111111111
74986,A,208.29444444444445
75332,N,209.25555555555556
75632,N,210.0888888888889
75934,N,210.92777777777778
76233,N,211.75833333333333
76515,N,212.54166666666666
76785,N,213.29166666666666
77074,N,214.09444444444443
77366,N,214.90555555555557
77663,N,215.73055555555555
77954,N,216.5388888888889
78251,N,217.36388888888888
78539,N,218.1638888888889
78824,N,218.95555555555555
79100,N,219.72222222222223
79386,N,220.51666666666668
79689,N,221.35833333333332
79991,N,222.19722222222222
80290,N,223.02777777777777
80583,N,223.84166666666667
80868,N,224.63333333333333
81152,N,225.42222222222222
81439,N,226.21944444444443
81730,N,227.02777777777777
82030,N,227.86111111111111
82335,N,228.70833333333334
82636,N,229.54444444444445
82927,N,230.3527777777778
83209,N,231.13611111111112
83492,N,231.92222222222222
83794,N,232.76111111111112
84103,N,233.61944444444444
84407,N,234.4638888888889
84709,N,235.30277777777778
85010,N,236.13888888888889
85303,N,236.95277777777778
85580,N,237.72222222222223
85870,N,238.52777777777777
86171,N,239.36388888888888
86478,N,240.21666666666667
86780,N,241.05555555555554
87079,N,241.88611111111112
87364,N,242.67777777777778
87652,N,243.4777777777778
87941,N,244.28055555555557
88232,N,245.0888888888889
88530,N,245.91666666666666
88834,N,246.76111111111112
89135,N,247.59722222222223
89421,N,248.39166666666668
89703,N,249.175
89988,N,249.96666666666667
90286,N,250.79444444444445
90590,N,251.63888888888889
90885,N,252.45833333333334
91190,N,253.30555555555554
91481,N,254.11388888888888
91761,N,254.89166666666668
92046,N,255.68333333333334
92338,N,256.49444444444447
92633,N,257.31388888888887
92944,N,258.1777777777778
93246,N,259.01666666666665
93534,N,259.81666666666666
93824,N,260.6222222222222
94102,N,261.39444444444445
94395,N,262.2083333333333
94693,N,263.0361111111111
94996,N,263.8777777777778
95298,N,264.71666666666664
95606,N,265.5722222222222
95893,N,266.36944444444447
96171,N,267.14166666666665
96450,N,267.9166666666667
96746,N,268.7388888888889
97050,N,269.5833333333333
97348,N,270.4111111111111
97644,N,271.23333333333335
97936,N,272.0444444444444
98228,N,272.85555555555555
98508,N,273.6333333333333
98789,N,274.4138888888889
99084,N,275.23333333333335
99382,N,276.06111111111113
99579,A,276.60833333333335
99930,N,277.5833333333333
100218,N,278.3833333333333
100496,N,279.15555555555557
100781,N,279.9472222222222
101071,N,280.7527777777778
101361,N,281.55833333333334
101653,N,282.36944444444447
101941,N,283.1694444444444
102234,N,283.98333333333335
102516,N,284.76666666666665
102793,N,285.5361111111111
103074,N,286.31666666666666
103371,N,287.14166666666665
103669,N,287.96944444444443
103964,N,288.7888888888889
104261,N,289.6138888888889
104545,N,290.40277777777777
104830,N,291.19444444444446
105118,N,291.99444444444447
105407,N,292.7972222222222
105707,N,293.63055555555553
106015,N,294.4861111111111
106314,N,295.31666666666666
106600,N,296.1111111111111
106882,N,296.89444444444445
107159,N,297.6638888888889
107453,N,298.48055555555555
107750,N,299.30555555555554
108045,N,300.125
108342,N,300.95
108643,N,301.7861111111111
108926,N,302.5722222222222
109199,N,303.3305555555556
109486,N,304.1277777777778
109772,N,304.9222222222222
110076,N,305.76666666666665
110374,N,306.59444444444443
110673,N,307.425
110963,N,308.23055555555555
111244,N,309.0111111111111
111524,N,309.7888888888889
111810,N,310.5833333333333
112108,N,311.4111111111111
112405,N,312.2361111111111
112710,N,313.0833333333333
113000,N,313.8888888888889
113281,N,314.6694444444444
113562,N,315.45
113850,N,316.25
114142,N,317.06111111111113
114428,N,317.85555555555555
114716,N,318.65555555555557
115000,N,319.44444444444446
115280,N,320.22222222222223
115547,N,320.9638888888889
115815,N,321.7083333333333
116084,N,322.4555555555556
116369,N,323.2472222222222
116654,N,324.0388888888889
116939,N,324.8305555555556
117213,N,325.59166666666664
117494,N,326.3722222222222
117766,N,327.1277777777778
118044,N,327.9
118323,N,328.675
118607,N,329.4638888888889
118911,N,330.30833333333334
119215,N,331.15277777777777
119509,N,331.96944444444443
119791,N,332.7527777777778
120077,N,333.5472222222222
120376,N,334.3777777777778
120676,N,335.2111111111111
120990,N,336.0833333333333
121300,N,336.94444444444446
121604,N,337.7888888888889
121889,N,338.5805555555556
122170,N,339.3611111111111
122460,N,340.1666666666667
122750,N,340.97222222222223
123050,N,341.80555555555554
123360,N,342.6666666666667
123664,N,343.5111111111111
123936,N,344.26666666666665
124221,N,345.05833333333334
124507,N,345.85277777777776
124775,N,346.59722222222223
125060,N,347.3888888888889
125355,N,348.2083333333333
125648,N,349.02222222222224
125926,N,349.7944444444444
126203,N,350.56388888888887
126476,N,351.3222222222222
126746,N,352.0722222222222
127025,N,352.84722222222223
127313,N,353.64722222222224
127603,N,354.4527777777778
127892,N,355.25555555555553
128085,A,355.7916666666667
128423,N,356.73055555555555
128698,N,357.49444444444447
128958,N,358.21666666666664
129230,N,358.97222222222223
129519,N,359.775
129798,N,360.55
130057,N,361.26944444444445
130318,N,361.99444444444447
130568,N,362.68888888888887
130818,N,363.3833333333333
131073,N,364.09166666666664
131326,N,364.7944444444444
131584,N,365.5111111111111
131851,N,366.2527777777778
132122,N,367.00555555555553
132381,N,367.725
132629,N,368.4138888888889
132883,N,369.11944444444447
133132,N,369.81111111111113
133390,N,370.52777777777777
133662,N,371.28333333333336
133933,N,372.0361111111111
134197,N,372.76944444444445
134463,N,373.5083333333333
134737,N,374.26944444444445
134990,N,374.97222222222223
135243,N,375.675
135504,N,376.4
135780,N,377.1666666666667
136061,N,377.9472222222222
136350,N,378.75
136630,N,379.52777777777777
136899,N,380.275
137170,N,381.02777777777777
137449,N,381.8027777777778
137729,N,382.5805555555556
138008,N,383.35555555555555
138304,N,384.1777777777778
138598,N,384.99444444444447
138888,N,385.8
139164,N,386.56666666666666
139440,N,387.3333333333333
139719,N,388.10833333333335
140009,N,388.9138888888889
140302,N,389.72777777777776
140599,N,390.5527777777778
140881,N,391.3361111111111
141152,N,392.0888888888889
141423,N,392.84166666666664
141684,N,393.56666666666666
141943,N,394.2861111111111
142207,N,395.01944444444445
142479,N,395.775
142747,N,396.51944444444445
143010,N,397.25
143265,N,397.9583333333333
143515,N,398.65277777777777
143766,N,399.35
144025,N,400.06944444444446
144286,N,400.7944444444444
144557,N,401.5472222222222
144832,N,402.31111111111113
145111,N,403.0861111111111
145381,N,403.8361111111111
145647,N,404.575
145902,N,405.28333333333336
146170,N,406.02777777777777
146445,N,406.7916666666667
146737,N,407.60277777777776
147013,N,408.36944444444447
147290,N,409.1388888888889
147565,N,409.90277777777777
147832,N,410.64444444444445
148099,N,411.3861111111111
148363,N,412.11944444444447
148637,N,412.88055555555553
148916,N,413.65555555555557
149204,N,414.4555555555556
149488,N,415.24444444444447
149768,N,416.02222222222224
150030,N,416.75
150303,N,417.5083333333333
150575,N,418.2638888888889
150849,N,419.025
151122,N,419.78333333333336
151407,N,420.575
151700,N,421.3888888888889
151974,N,422.15
152237,N,422.88055555555553
152510,N,423.6388888888889
152781,N,424.39166666666665
153067,N,425.18611111111113
153362,N,426.00555555555553
153644,N,426.7888888888889
153922,N,427.56111111111113
154193,N,428.31388888888887
154470,N,429.0833333333333
154741,N,429.8361111111111
155009,N,430.5805555555556
155291,N,431.3638888888889
155588,N,432.18888888888887
155865,N,432.9583333333333
156132,N,433.7
156395,N,434.43055555555554
156648,N,435.1333333333333
156906,N,435.85
157168,N,436.5777777777778
157430,N,437.30555555555554
157695,N,438.0416666666667
157960,N,438.77777777777777
158233,N,439.5361111111111
158489,N,440.2472222222222
158730,N,440.9166666666667
158974,N,441.59444444444443
159225,N,442.2916666666667
159479,N,442.9972222222222
159738,N,443.71666666666664
160001,N,444.4472222222222
160260,N,445.1666666666667
160507,N,445.85277777777776
160755,N,446.5416666666667
161005,N,447.2361111111111
161254,N,447.9277777777778
161499,N,448.60833333333335
161764,N,449.34444444444443
162035,N,450.09722222222223
162308,N,450.85555555555555
162573,N,451.59166666666664
162835,N,452.31944444444446
163093,N,453.0361111111111
163362,N,453.78333333333336
163629,N,454.525
163899,N,455.275
164182,N,456.06111111111113
164461,N,456.8361111111111
164731,N,457.5861111111111
164991,N,458.30833333333334
165246,N,459.01666666666665
165499,N,459.71944444444443
165756,N,460.43333333333334
166032,N,461.2
166301,N,461.9472222222222
166570,N,462.69444444444446
166841,N,463.4472222222222
167111,N,464.1972222222222
167371,N,464.9194444444444
167641,N,465.6694444444444
167912,N,466.4222222222222
168191,N,467.1972222222222
168484,N,468.0111111111111
168784,N,468.84444444444443
169074,N,469.65
169349,N,470.4138888888889
169629,N,471.19166666666666
169907,N,471.9638888888889
170201,N,472.78055555555557
170495,N,473.59722222222223
170719,A,474.21944444444443
171074,N,475.2055555555556
171371,N,476.03055555555557
171652,N,476.81111111111113
171921,N,477.55833333333334
172199,N,478.3305555555556
172481,N,479.1138888888889
172776,N,479.93333333333334
173067,N,480.7416666666667
173351,N,481.53055555555557
173629,N,482.3027777777778
173907,N,483.075
174176,N,483.8222222222222
174451,N,484.5861111111111
174737,N,485.38055555555553
175023,N,486.175
175323,N,487.0083333333333
175608,N,487.8
175877,N,488.5472222222222
176145,N,489.2916666666667
176427,N,490.075
176698,N,490.8277777777778
176975,N,491.59722222222223
177248,N,492.35555555555555
177523,N,493.11944444444447
177797,N,493.88055555555553
178059,N,494.60833333333335
178316,N,495.3222222222222
178578,N,496.05
178841,N,496.78055555555557
179117,N,497.5472222222222
179388,N,498.3
179662,N,499.06111111111113
179927,N,499.7972222222222
180182,N,500.50555555555553
180443,N,501.23055555555555
180705,N,501.9583333333333
180964,N,502.6777777777778
181236,N,503.43333333333334
181523,N,504.23055555555555
181811,N,505.03055555555557
182084,N,505.7888888888889
182353,N,506.5361111111111
182624,N,507.2888888888889
182896,N,508.0444444444444
183181,N,508.8361111111111
183475,N,509.65277777777777
183778,N,510.49444444444447
184071,N,511.30833333333334
184361,N,512.1138888888889
184649,N,512.9138888888889
184933,N,513.7027777777778
185213,N,514.4805555555556
185510,N,515.3055555555555
185828,N,516.1888888888889
186137,N,517.0472222222222
186428,N,517.8555555555556
186717,N,518.6583333333333
187005,N,519.4583333333334
187291,N,520.2527777777777
187577,N,521.0472222222222
187872,N,521.8666666666667
188179,N,522.7194444444444
188481,N,523.5583333333333
188763,N,524.3416666666667
189043,N,525.1194444444444
189330,N,525.9166666666666
189624,N,526.7333333333333
189929,N,527.5805555555555
190228,N,528.4111111111112
190529,N,529.2472222222223
190820,N,530.0555555555555
191112,N,530.8666666666667
191395,N,531.6527777777778
191674,N,532.4277777777778
191977,N,533.2694444444444
192281,N,534.1138888888889
192575,N,534.9305555555555
192862,N,535.7277777777778
193146,N,536.5166666666667
193423,N,537.2861111111112
193703,N,538.0638888888889
193994,N,538.8722222222223
194281,N,539.6694444444445
194574,N,540.4833333333333
194868,N,541.3
195156,N,542.1
195426,N,542.85
195701,N,543.6138888888889
195978,N,544.3833333333333
196268,N,545.1888888888889
196560,N,546.0
196847,N,546.7972222222222
197132,N,547.5888888888888
197414,N,548.3722222222223
197685,N,549.125
197950,N,549.8611111111111
198224,N,550.6222222222223
198504,N,551.4
198791,N,552.1972222222222
199075,N,552.9861111111111
199353,N,553.7583333333333
199619,N,554.4972222222223
199894,N,555.2611111111111
200161,N,556.0027777777777
200434,N,556.7611111111111
200714,N,557.5388888888889
200993,N,558.3138888888889
201271,N,559.0861111111111
201545,N,559.8472222222222
201806,N,560.5722222222222
202067,N,561.2972222222222
202339,N,562.0527777777778
202614,N,562.8166666666667
202896,N,563.6
203182,N,564.3944444444444
203468,N,565.1888888888889
203741,N,565.9472222222222
204021,N,566.725
204299,N,567.4972222222223
204574,N,568.2611111111111
204854,N,569.0388888888889
205158,N,569.8833333333333
205459,N,570.7194444444444
205737,N,571.4916666666667
206016,N,572.2666666666667
206288,N,573.0222222222222
206567,N,573.7972222222222
206844,N,574.5666666666667
207130,N,575.3611111111111
207421,N,576.1694444444445
207724,N,577.0111111111111
208004,N,577.7888888888889
208277,N,578.5472222222222
208548,N,579.3
208822,N,580.0611111111111
209100,N,580.8333333333334
209392,N,581.6444444444444
209683,N,582.4527777777778
209973,N,583.2583333333333
210256,N,584.0444444444445
210534,N,584.8166666666667
210809,N,585.5805555555555
211085,N,586.3472222222222
211364,N,587.1222222222223
211654,N,587.9277777777778
211951,N,588.7527777777777
212228,N,589.5222222222222
212502,N,590.2833333333333
212777,N,591.0472222222222
213058,N,591.8277777777778
213326,N,592.5722222222222
213606,N,593.35
213894,N,594.15
214181,N,594.9472222222222
214465,N,595.7361111111111
214738,N,596.4944444444444
215005,N,597.2361111111111
215280,N,598.0
215563,N,598.7861111111112
215850,N,599.5833333333334
216141,N,600.3916666666667
216431,N,601.1972222222222
216710,N,601.9722222222222
216990,N,602.75
217268,N,603.5222222222222
217547,N,604.2972222222222
217824,N,605.0666666666667
218122,N,605.8944444444444
218416,N,606.7111111111111
218703,N,607.5083333333333
218972,N,608.2555555555556
219246,N,609.0166666666667
219529,N,609.8027777777778
219813,N,610.5916666666667
220098,N,611.3833333333333
220391,N,612.1972222222222
220691,N,613.0305555555556
220977,N,613.825
221252,N,614.5888888888888
221527,N,615.3527777777778
221804,N,616.1222222222223
222081,N,616.8916666666667
222375,N,617.7083333333334
222666,N,618.5166666666667
222951,N,619.3083333333333
223227,N,620.075
223507,N,620.8527777777778
223783,N,621.6194444444444
224047,N,622.3527777777778
224328,N,623.1333333333333
224621,N,623.9472222222222
224915,N,624.7638888888889
225195,N,625.5416666666666
225472,N,626.3111111111111
225743,N,627.0638888888889
226024,N,627.8444444444444
226296,N,628.6
226573,N,629.3694444444444
226863,N,630.175
227144,N,630.9555555555555
227427,N,631.7416666666667
227702,N,632.5055555555556
227975,N,633.2638888888889
228238,N,633.9944444444444
228516,N,634.7666666666667
228808,N,635.5777777777778
229094,N,636.3722222222223
229376,N,637.1555555555556
229660,N,637.9444444444445
229936,N,638.7111111111111
230214,N,639.4833333333333
230485,N,640.2361111111111
230761,N,641.0027777777777
231058,N,641.8277777777778
231357,N,642.6583333333333
231638,N,643.4388888888889
231913,N,644.2027777777778
232190,N,644.9722222222222
232459,N,645.7194444444444
232732,N,646.4777777777778
233016,N,647.2666666666667
233301,N,648.0583333333333
233588,N,648.8555555555556
233875,N,649.6527777777778
234151,N,650.4194444444445
234415,N,651.1527777777778
234684,N,651.9
234959,N,652.6638888888889
235249,N,653.4694444444444
235547,N,654.2972222222222
235828,N,655.0777777777778
236108,N,655.8555555555556
236390,N,656.6388888888889
236664,N,657.4
236927,N,658.1305555555556
237205,N,658.9027777777778
237495,N,659.7083333333334
237783,N,660.5083333333333
238070,N,661.3055555555555
238343,N,662.0638888888889
238610,N,662.8055555555555
238884,N,663.5666666666667
239157,N,664.325
239433,N,665.0916666666667
239717,N,665.8805555555556
239996,N,666.6555555555556
240266,N,667.4055555555556
240541,N,668.1694444444445
240809,N,668.9138888888889
241065,N,669.625
241318,N,670.3277777777778
241588,N,671.0777777777778
241855,N,671.8194444444445
242114,N,672.5388888888889
242373,N,673.2583333333333
242632,N,673.9777777777778
242879,N,674.6638888888889
243132,N,675.3666666666667
243388,N,676.0777777777778
243643,N,676.7861111111112
243908,N,677.5222222222222
244191,N,678.3083333333333
244461,N,679.0583333333333
244729,N,679.8027777777778
244984,N,680.5111111111111
245246,N,681.2388888888889
245515,N,681.9861111111111
245791,N,682.7527777777777
246065,N,683.5138888888889
246352,N,684.3111111111111
246647,N,685.1305555555556
246935,N,685.9305555555555
247201,N,686.6694444444445
247469,N,687.4138888888889
247742,N,688.1722222222222
248017,N,688.9361111111111
248300,N,689.7222222222222
248586,N,690.5166666666667
248878,N,691.3277777777778
249158,N,692.1055555555556
249433,N,692.8694444444444
249706,N,693.6277777777777
249988,N,694.4111111111112
250273,N,695.2027777777778
250558,N,695.9944444444444
250858,N,696.8277777777778
251160,N,697.6666666666666
251441,N,698.4472222222222
251710,N,699.1944444444445
251994,N,699.9833333333333
252285,N,700.7916666666666
252584,N,701.6222222222223
252868,N,702.4111111111112
253159,N,703.2194444444444
253456,N,704.0444444444445
253741,N,704.8361111111111
254010,N,705.5833333333334
254282,N,706.3388888888888
254585,N,707.1805555555555
254891,N,708.0305555555556
255170,N,708.8055555555555
255453,N,709.5916666666667
255738,N,710.3833333333333
256027,N,711.1861111111111
256295,N,711.9305555555555
256572,N,712.7
256860,N,713.5
257157,N,714.325
257439,N,715.1083333333333
257710,N,715.8611111111111
257966,N,716.5722222222222
258226,N,717.2944444444445
258478,N,717.9944444444444
258737,N,718.7138888888888
259005,N,719.4583333333334
259280,N,720.2222222222222
259541,N,720.9472222222222
259811,N,721.6972222222222
260076,N,722.4333333333333
260334,N,723.15
260585,N,723.8472222222222
260852,N,724.5888888888888
261132,N,725.3666666666667
261417,N,726.1583333333333
261690,N,726.9166666666666
261968,N,727.6888888888889
262241,N,728.4472222222222
262516,N,729.2111111111111
262789,N,729.9694444444444
263062,N,730.7277777777778
263350,N,731.5277777777778
263641,N,732.3361111111111
263931,N,733.1416666666667
264217,N,733.9361111111111
264499,N,734.7194444444444
264772,N,735.4777777777778
265062,N,736.2833333333333
265354,N,737.0944444444444
265651,N,737.9194444444445
265947,N,738.7416666666667
266238,N,739.55
266528,N,740.3555555555556
266815,N,741.1527777777778
267099,N,741.9416666666667
267375,N,742.7083333333334
267679,N,743.5527777777778
267978,N,744.3833333333333
268260,N,745.1666666666666
268544,N,745.9555555555555
268823,N,746.7305555555556
269102,N,747.5055555555556
269384,N,748.2888888888889
269669,N,749.0805555555555
269960,N,749.8888888888889
270257,N,750.7138888888888
270550,N,751.5277777777778
270821,N,752.2805555555556
271094,N,753.0388888888889
271370,N,753.8055555555555
271656,N,754.6
271952,N,755.4222222222222
272244,N,756.2333333333333
272533,N,757.0361111111112
272839,N,757.8861111111111
273123,N,758.675
273394,N,759.4277777777778
273675,N,760.2083333333334
273967,N,761.0194444444444
274264,N,761.8444444444444
274560,N,762.6666666666666
274852,N,763.4777777777778
275131,N,764.2527777777777
275403,N,765.0083333333333
275671,N,765.7527777777777
275949,N,766.525
276235,N,767.3194444444445
276516,N,768.1
276804,N,768.9
277102,N,769.7277777777778
277388,N,770.5222222222222
277649,N,771.2472222222223
277923,N,772.0083333333333
278211,N,772.8083333333333
278518,N,773.6611111111112
278814,N,774.4833333333333
279098,N,775.2722222222222
279382,N,776.0611111111111
279576,A,776.6
279918,N,777.55
280209,N,778.3583333333333
280511,N,779.1972222222222
280814,N,780.0388888888889
281110,N,780.8611111111111
281402,N,781.6722222222222
281682,N,782.45
281955,N,783.2083333333334
282232,N,783.9777777777778
282513,N,784.7583333333333
282801,N,785.5583333333333
283096,N,786.3777777777777
283389,N,787.1916666666667
283672,N,787.9777777777778
283944,N,788.7333333333333
284216,N,789.4888888888889
284491,N,790.2527777777777
284778,N,791.05
285073,N,791.8694444444444
285363,N,792.675
285653,N,793.4805555555556
285936,N,794.2666666666667
286210,N,795.0277777777778
286486,N,795.7944444444445
286763,N,796.5638888888889
287051,N,797.3638888888889
287353,N,798.2027777777778
287655,N,799.0416666666666
287944,N,799.8444444444444
288225,N,800.625
288506,N,801.4055555555556
288792,N,802.2
289076,N,802.9888888888889
289373,N,803.8138888888889
289667,N,804.6305555555556
289971,N,805.475
290257,N,806.2694444444444
290538,N,807.05
290813,N,807.8138888888889
291109,N,808.6361111111111
291407,N,809.4638888888888
291696,N,810.2666666666667
291990,N,811.0833333333334
292281,N,811.8916666666667
292566,N,812.6833333333333
292844,N,813.4555555555555
293123,N,814.2305555555556
293411,N,815.0305555555556
293712,N,815.8666666666667
294011,N,816.6972222222222
294296,N,817.4888888888889
294581,N,818.2805555555556
294857,N,819.0472222222222
295142,N,819.8388888888888
295421,N,820.6138888888889
295717,N,821.4361111111111
296013,N,822.2583333333333
296319,N,823.1083333333333
296611,N,823.9194444444445
296889,N,824.6916666666667
297169,N,825.4694444444444
297450,N,826.25
297738,N,827.05
298032,N,827.8666666666667
298334,N,828.7055555555555
298627,N,829.5194444444444
298920,N,830.3333333333334
299206,N,831.1277777777777
299483,N,831.8972222222222
299756,N,832.6555555555556
300051,N,833.475
300360,N,834.3333333333334
300662,N,835.1722222222222
300940,N,835.9444444444445
301210,N,836.6944444444445
301494,N,837.4833333333333
301781,N,838.2805555555556
302063,N,839.0638888888889
302347,N,839.8527777777778
302644,N,840.6777777777778
302947,N,841.5194444444444
303240,N,842.3333333333334
303503,N,843.0638888888889
303773,N,843.8138888888889
304065,N,844.625
304361,N,845.4472222222222
304639,N,846.2194444444444
304923,N,847.0083333333333
305211,N,847.8083333333333
305497,N,848.6027777777778
305709,A,849.1916666666667
306035,N,850.0972222222222
306337,N,850.9361111111111
306641,N,851.7805555555556
306943,N,852.6194444444444
307234,N,853.4277777777778
307514,N,854.2055555555555
307745,A,854.8472222222222
308062,N,855.7277777777778
308349,N,856.525
308625,N,857.2916666666666
308912,N,858.0888888888888
309216,N,858.9333333333333
309515,N,859.7638888888889
309780,N,860.5
310052,N,861.2555555555556
310332,N,862.0333333333333
310626,N,862.85
310914,N,863.65
311199,N,864.4416666666667
311488,N,865.2444444444444
311783,N,866.0638888888889
312062,N,866.8388888888888
312327,N,867.575
312605,N,868.3472222222222
312825,A,868.9583333333334
313193,N,869.9805555555556
313508,N,870.8555555555556
313808,N,871.6888888888889
314090,N,872.4722222222222
314373,N,873.2583333333333
314664,N,874.0666666666667
314952,N,874.8666666666667
315245,N,875.6805555555555
315541,N,876.5027777777777
315843,N,877.3416666666667
316136,N,878.1555555555556
316415,N,878.9305555555555
316693,N,879.7027777777778
316980,N,880.5
317266,N,881.2944444444445
317560,N,882.1111111111111
317785,A,882.7361111111111
318145,N,883.7361111111111
318438,N,884.55
318729,N,885.3583333333333
319011,N,886.1416666666667
319223,A,886.7305555555556
319586,N,887.7388888888889
319904,N,888.6222222222223
320205,N,889.4583333333334
320493,N,890.2583333333333
320786,N,891.0722222222222
321072,N,891.8666666666667
321371,N,892.6972222222222
321663,N,893.5083333333333
321968,N,894.3555555555556
322275,N,895.2083333333334
322573,N,896.0361111111112
322856,N,896.8222222222222
323138,N,897.6055555555556
323425,N,898.4027777777778
323730,N,899.25
324044,N,900.1222222222223
324340,N,900.9444444444445
324641,N,901.7805555555556
324929,N,902.5805555555555
325215,N,903.375
325495,N,904.1527777777778
325782,N,904.95
326088,N,905.8
326395,N,906.6527777777778
326698,N,907.4944444444444
326986,N,908.2944444444445
327276,N,909.1
327566,N,909.9055555555556
327858,N,910.7166666666667
328149,N,911.525
328452,N,912.3666666666667
328753,N,913.2027777777778
329056,N,914.0444444444445
329339,N,914.8305555555555
329619,N,915.6083333333333
329912,N,916.4222222222222
330216,N,917.2666666666667
330524,N,918.1222222222223
330819,N,918.9416666666667
331124,N,919.7888888888889
331411,N,920.5861111111111
331704,N,921.4
331989,N,922.1916666666667
332279,N,922.9972222222223
332588,N,923.8555555555556
332897,N,924.7138888888888
333199,N,925.5527777777778
333479,N,926.3305555555555
333768,N,927.1333333333333
334056,N,927.9333333333333
334348,N,928.7444444444444
334643,N,929.5638888888889
334943,N,930.3972222222222
335248,N,931.2444444444444
335543,N,932.0638888888889
335823,N,932.8416666666667
336100,N,933.6111111111111
336385,N,934.4027777777778
336679,N,935.2194444444444
336979,N,936.0527777777778
337281,N,936.8916666666667
337571,N,937.6972222222222
337862,N,938.5055555555556
338145,N,939.2916666666666
338432,N,940.0888888888888
338720,N,940.8888888888889
339025,N,941.7361111111111
339327,N,942.575
339634,N,943.4277777777778
339926,N,944.2388888888889
340205,N,945.0138888888889
340492,N,945.8111111111111
340780,N,946.6111111111111
341075,N,947.4305555555555
341379,N,948.275
341684,N,949.1222222222223
341974,N,949.9277777777778
342266,N,950.7388888888889
342547,N,951.5194444444444
342822,N,952.2833333333333
343115,N,953.0972222222222
343409,N,953.9138888888889
343705,N,954.7361111111111
343995,N,955.5416666666666
344279,N,956.3305555555555
344556,N,957.1
344843,N,957.8972222222222
345129,N,958.6916666666667
345415,N,959.4861111111111
345722,N,960.3388888888888
346017,N,961.1583333333333
346308,N,961.9666666666667
346596,N,962.7666666666667
346804,A,963.3444444444444
347147,N,964.2972222222222
347454,N,965.15
347759,N,965.9972222222223
348063,N,966.8416666666667
348367,N,967.6861111111111
348658,N,968.4944444444444
348934,N,969.2611111111111
349221,N,970.0583333333333
349502,N,970.8388888888888
349804,N,971.6777777777778
350112,N,972.5333333333333
350410,N,973.3611111111111
350692,N,974.1444444444444
350980,N,974.9444444444445
351265,N,975.7361111111111
351481,A,976.3361111111111
351821,N,977.2805555555556
352115,N,978.0972222222222
352416,N,978.9333333333333
352711,N,979.7527777777777
352986,N,980.5166666666667
353257,N,981.2694444444444
353547,N,982.075
353832,N,982.8666666666667
354128,N,983.6888888888889
354426,N,984.5166666666667
354717,N,985.325
355015,N,986.1527777777778
355302,N,986.95
355579,N,987.7194444444444
355858,N,988.4944444444444
356165,N,989.3472222222222
356463,N,990.175
356758,N,990.9944444444444
357045,N,991.7916666666666
357327,N,992.575
357610,N,993.3611111111111
357900,N,994.1666666666666
358186,N,994.9611111111111
358482,N,995.7833333333333
358788,N,996.6333333333333
359086,N,997.4611111111111
359365,N,998.2361111111111
359634,N,998.9833333333333
359903,N,999.7305555555556
360182,N,1000.5055555555556
360471,N,1001.3083333333333
360763,N,1002.1194444444444
361051,N,1002.9194444444445
361343,N,1003.7305555555556
361625,N,1004.5138888888889
361894,N,1005.2611111111111
362162,N,1006.0055555555556
362451,N,1006.8083333333333
362732,N,1007.5888888888888
363026,N,1008.4055555555556
363318,N,1009.2166666666667
363606,N,1010.0166666666667
363878,N,1010.7722222222222
364158,N,1011.55
364446,N,1012.35
364730,N,1013.1388888888889
365022,N,1013.95
365330,N,1014.8055555555555
365640,N,1015.6666666666666
365914,N,1016.4277777777778
366191,N,1017.1972222222222
366482,N,1018.0055555555556
366778,N,1018.8277777777778
367063,N,1019.6194444444444
367363,N,1020.4527777777778
367674,N,1021.3166666666667
367960,N,1022.1111111111111
368247,N,1022.9083333333333
368531,N,1023.6972222222222
368824,N,1024.5111111111112
369109,N,1025.3027777777777
369410,N,1026.138888888889
369714,N,1026.9833333333333
370010,N,1027.8055555555557
370279,N,1028.5527777777777
370557,N,1029.325
370842,N,1030.1166666666666
371131,N,1030.9194444444445
371406,N,1031.6833333333334
371703,N,1032.5083333333334
372007,N,1033.3527777777779
372299,N,1034.1638888888888
372557,N,1034.8805555555555
372834,N,1035.65
373123,N,1036.4527777777778
373428,N,1037.3
373712,N,1038.088888888889
374000,N,1038.888888888889
374303,N,1039.7305555555556
374595,N,1040.5416666666667
374855,N,1041.263888888889
375124,N,1042.0111111111112
375412,N,1042.8111111111111
375715,N,1043.6527777777778
375998,N,1044.4388888888889
376287,N,1045.2416666666666
376576,N,1046.0444444444445
376861,N,1046.8361111111112
377081,A,1047.4472222222223
377404,N,1048.3444444444444
377700,N,1049.1666666666667
378005,N,1050.013888888889
378308,N,1050.8555555555556
378608,N,1051.6888888888889
378886,N,1052.4611111111112
379159,N,1053.2194444444444
379439,N,1053.9972222222223
379731,N,1054.8083333333334
380023,N,1055.6194444444445
380312,N,1056.4222222222222
380610,N,1057.25
380898,N,1058.05
381173,N,1058.8138888888889
381452,N,1059.588888888889
381724,N,1060.3444444444444
382014,N,1061.15
382308,N,1061.9666666666667
382607,N,1062.7972222222222
382895,N,1063.5972222222222
383183,N,1064.3972222222221
383457,N,1065.1583333333333
383743,N,1065.9527777777778
384027,N,1066.7416666666666
384317,N,1067.5472222222222
384614,N,1068.3722222222223
384915,N,1069.2083333333333
385205,N,1070.013888888889
385487,N,1070.7972222222222
385768,N,1071.5777777777778
386050,N,1072.361111111111
386349,N,1073.1916666666666
386649,N,1074.025
386941,N,1074.8361111111112
387241,N,1075.6694444444445
387533,N,1076.4805555555556
387811,N,1077.2527777777777
388084,N,1078.0111111111112
388373,N,1078.8138888888889
388671,N,1079.6416666666667
388979,N,1080.4972222222223
389277,N,1081.325
389563,N,1082.1194444444445
389860,N,1082.9444444444443
390149,N,1083.7472222222223
390434,N,1084.5388888888888
390730,N,1085.361111111111
391039,N,1086.2194444444444
391344,N,1087.0666666666666
391641,N,1087.8916666666667
391924,N,1088.6777777777777
392204,N,1089.4555555555555
392493,N,1090.2583333333334
392780,N,1091.0555555555557
393077,N,1091.8805555555555
393377,N,1092.713888888889
393674,N,1093.5388888888888
393957,N,1094.325
394243,N,1095.1194444444445
394519,N,1095.8861111111112
394801,N,1096.6694444444445
395096,N,1097.4888888888888
395401,N,1098.3361111111112
395697,N,1099.1583333333333
395989,N,1099.9694444444444
396268,N,1100.7444444444445
396553,N,1101.536111111111
396845,N,1102.3472222222222
397133,N,1103.1472222222221
397335,A,1103.7083333333333
397704,N,1104.7333333333333
398007,N,1105.575
398294,N,1106.3722222222223
398569,N,1107.1361111111112
398853,N,1107.925
399139,N,1108.7194444444444
399436,N,1109.5444444444445
399730,N,1110.361111111111
400023,N,1111.175
400321,N,1112.0027777777777
400599,N,1112.775
400877,N,1113.5472222222222
401163,N,1114.3416666666667
401453,N,1115.1472222222221
401757,N,1115.9916666666666
402061,N,1116.8361111111112
402361,N,1117.6694444444445
402646,N,1118.4611111111112
402933,N,1119.2583333333334
403215,N,1120.0416666666667
403509,N,1120.8583333333333
403804,N,1121.6777777777777
404100,N,1122.5
404403,N,1123.3416666666667
404697,N,1124.1583333333333
404980,N,1124.9444444444443
405255,N,1125.7083333333333
405543,N,1126.5083333333334
405836,N,1127.3222222222223
406131,N,1128.1416666666667
406425,N,1128.9583333333333
406715,N,1129.763888888889
407005,N,1130.5694444444443
407288,N,1131.3555555555556
407559,N,1132.1083333333333
407849,N,1132.9138888888888
408151,N,1133.7527777777777
408452,N,1134.588888888889
408746,N,1135.4055555555556
409030,N,1136.1944444444443
409314,N,1136.9833333333333
409597,N,1137.7694444444444
409881,N,1138.5583333333334
410177,N,1139.3805555555555
410477,N,1140.213888888889
410781,N,1141.0583333333334
411071,N,1141.8638888888888
411352,N,1142.6444444444444
411632,N,1143.4222222222222
411915,N,1144.2083333333333
412206,N,1145.0166666666667
412512,N,1145.8666666666666
412816,N,1146.7111111111112
413109,N,1147.525
413402,N,1148.338888888889
413692,N,1149.1444444444444
413969,N,1149.9138888888888
414249,N,1150.6916666666666
414541,N,1151.5027777777777
414847,N,1152.3527777777779
415143,N,1153.175
415430,N,1153.9722222222222
415703,N,1154.7305555555556
415994,N,1155.5388888888888
416275,N,1156.3194444444443
416555,N,1157.0972222222222
416849,N,1157.9138888888888
417152,N,1158.7555555555555
417445,N,1159.5694444444443
417728,N,1160.3555555555556
418006,N,1161.1277777777777
418283,N,1161.8972222222221
418577,N,1162.713888888889
418866,N,1163.5166666666667
419155,N,1164.3194444444443
419453,N,1165.1472222222221
419745,N,1165.9583333333333
420022,N,1166.7277777777779
420302,N,1167.5055555555555
420583,N,1168.286111111111
420873,N,1169.0916666666667
421173,N,1169.925
421474,N,1170.7611111111112
421766,N,1171.5722222222223
421994,A,1172.2055555555555
422320,N,1173.111111111111
422603,N,1173.8972222222221
422818,A,1174.4944444444445
423164,N,1175.4555555555555
423462,N,1176.2833333333333
423767,N,1177.1305555555555
424064,N,1177.9555555555555
424339,N,1178.7194444444444
424616,N,1179.4888888888888
424893,N,1180.2583333333334
425188,N,1181.0777777777778
425491,N,1181.9194444444445
425788,N,1182.7444444444445
426078,N,1183.55
426380,N,1184.388888888889
426661,N,1185.1694444444445
426938,N,1185.9388888888889
427225,N,1186.736111111111
427523,N,1187.5638888888889
427827,N,1188.4083333333333
428129,N,1189.2472222222223
428413,N,1190.036111111111
428698,N,1190.8277777777778
428992,N,1191.6444444444444
429276,N,1192.4333333333334
429558,N,1193.2166666666667
429867,N,1194.075
430165,N,1194.9027777777778
430470,N,1195.75
430754,N,1196.5388888888888
431034,N,1197.3166666666666
431315,N,1198.0972222222222
431615,N,1198.9305555555557
431910,N,1199.75
432209,N,1200.5805555555555
432509,N,1201.4138888888888
432799,N,1202.2194444444444
433082,N,1203.0055555555555
433364,N,1203.7888888888888
433648,N,1204.5777777777778
433841,A,1205.1138888888888
434211,N,1206.1416666666667
434513,N,1206.9805555555556
434810,N,1207.8055555555557
435096,N,1208.6
435370,N,1209.361111111111
435658,N,1210.161111111111
435951,N,1210.975
436149,A,1211.525
436512,N,1212.5333333333333
436819,N,1213.3861111111112
437118,N,1214.2166666666667
437400,N,1215.0
437682,N,1215.7833333333333
437965,N,1216.5694444444443
438268,N,1217.411111111111
438570,N,1218.25
438865,N,1219.0694444444443
439158,N,1219.8833333333334
439454,N,1220.7055555555555
439740,N,1221.5
440022,N,1222.2833333333333
440312,N,1223.088888888889
440622,N,1223.95
440934,N,1224.8166666666666
441230,N,1225.638888888889
441518,N,1226.4388888888889
441814,N,1227.2611111111112
442109,N,1228.0805555555555
442406,N,1228.9055555555556
442623,A,1229.5083333333334
442992,N,1230.5333333333333
443304,N,1231.4
443606,N,1232.2388888888888
443888,N,1233.0222222222221
444175,N,1233.8194444444443
444473,N,1234.6472222222221
444705,A,1235.2916666666667
445060,N,1236.2777777777778
445362,N,1237.1166666666666
445658,N,1237.9388888888889
445948,N,1238.7444444444445
446226,N,1239.5166666666667
446507,N,1240.2972222222222
446800,N,1241.111111111111
447104,N,1241.9555555555555
447402,N,1242.7833333333333
447695,N,1243.5972222222222
447980,N,1244.388888888889
448264,N,1245.1777777777777
448548,N,1245.9666666666667
448834,N,1246.7611111111112
449137,N,1247.6027777777779
449441,N,1248.4472222222223
449748,N,1249.3
450038,N,1250.1055555555556
450325,N,1250.9027777777778
450607,N,1251.6861111111111
450895,N,1252.486111111111
451193,N,1253.3138888888889
451501,N,1254.1694444444445
451805,N,1255.013888888889
452101,N,1255.8361111111112
452390,N,1256.638888888889
452678,N,1257.4388888888889
452959,N,1258.2194444444444
453250,N,1259.0277777777778
453545,N,1259.8472222222222
453852,N,1260.7
454154,N,1261.5388888888888
454444,N,1262.3444444444444
454651,A,1262.9194444444445
454997,N,1263.8805555555555
455293,N,1264.7027777777778
455588,N,1265.5222222222221
455888,N,1266.3555555555556
456189,N,1267.1916666666666
456487,N,1268.0194444444444
456771,N,1268.8083333333334
457045,N,1269.5694444444443
457333,N,1270.3694444444445
457634,N,1271.2055555555555
457937,N,1272.0472222222222
458168,A,1272.6888888888889
458524,N,1273.6777777777777
458816,N,1274.4888888888888
459103,N,1275.286111111111
459380,N,1276.0555555555557
459664,N,1276.8444444444444
459966,N,1277.6833333333334
460275,N,1278.5416666666667
460571,N,1279.3638888888888
460858,N,1280.161111111111
461148,N,1280.9666666666667
461433,N,1281.7583333333334
461721,N,1282.5583333333334
462014,N,1283.3722222222223
462314,N,1284.2055555555555
462621,N,1285.0583333333334
462919,N,1285.8861111111112
463197,N,1286.6583333333333
463481,N,1287.4472222222223
463765,N,1288.236111111111
464049,N,1289.025
464361,N,1289.8916666666667
464664,N,1290.7333333333333
464960,N,1291.5555555555557
465257,N,1292.3805555555555
465538,N,1293.161111111111
465820,N,1293.9444444444443
466104,N,1294.7333333333333
466404,N,1295.5666666666666
466707,N,1296.4083333333333
467010,N,1297.25
467308,N,1298.0777777777778
467589,N,1298.8583333333333
467878,N,1299.661111111111
468164,N,1300.4555555555555
468459,N,1301.275
468762,N,1302.1166666666666
469065,N,1302.9583333333333
469363,N,1303.786111111111
469660,N,1304.611111111111
469942,N,1305.3944444444444
470230,N,1306.1944444444443
470530,N,1307.0277777777778
470837,N,1307.8805555555555
471139,N,1308.7194444444444
471444,N,1309.5666666666666
471727,N,1310.3527777777779
472019,N,1311.1638888888888
472304,N,1311.9555555555555
472589,N,1312.7472222222223
472887,N,1313.575
473201,N,1314.4472222222223
473498,N,1315.2722222222221
473792,N,1316.088888888889
474074,N,1316.8722222222223
474362,N,1317.6722222222222
474652,N,1318.4777777777779
474942,N,1319.2833333333333
475237,N,1320.1027777777779
475547,N,1320.963888888889
475851,N,1321.8083333333334
476136,N,1322.6
476417,N,1323.3805555555555
476705,N,1324.1805555555557
477000,N,1325.0
477307,N,1325.8527777777779
477604,N,1326.6777777777777
477898,N,1327.4944444444445
478195,N,1328.3194444444443
478480,N,1329.111111111111
478757,N,1329.8805555555555
479040,N,1330.6666666666667
479332,N,1331.4777777777779
479633,N,1332.3138888888889
479931,N,1333.1416666666667
480218,N,1333.9388888888889
480494,N,1334.7055555555555
480779,N,1335.4972222222223
481057,N,1336.2694444444444
481340,N,1337.0555555555557
481641,N,1337.8916666666667
481941,N,1338.725
482239,N,1339.5527777777777
482525,N,1340.3472222222222
482801,N,1341.1138888888888
483071,N,1341.8638888888888
483350,N,1342.638888888889
483634,N,1343.4277777777777
483930,N,1344.25
484220,N,1345.0555555555557
484507,N,1345.8527777777779
484786,N,1346.6277777777777
485073,N,1347.425
485352,N,1348.2
485641,N,1349.0027777777777
485939,N,1349.8305555555555
486253,N,1350.7027777777778
486556,N,1351.5444444444445
486844,N,1352.3444444444444
487129,N,1353.1361111111112
487423,N,1353.9527777777778
487719,N,1354.775
488018,N,1355.6055555555556
488320,N,1356.4444444444443
488635,N,1357.3194444444443
488931,N,1358.1416666666667
489214,N,1358.9277777777777
489497,N,1359.713888888889
489788,N,1360.5222222222221
490090,N,1361.361111111111
490393,N,1362.2027777777778
490695,N,1363.0416666666667
490994,N,1363.8722222222223
491287,N,1364.6861111111111
491570,N,1365.4722222222222
491850,N,1366.25
492145,N,1367.0694444444443
492445,N,1367.9027777777778
492750,N,1368.75
493046,N,1369.5722222222223
493340,N,1370.388888888889
493623,N,1371.175
493914,N,1371.9833333333333
494199,N,1372.775
494491,N,1373.5861111111112
494789,N,1374.4138888888888
495085,N,1375.236111111111
495370,N,1376.0277777777778
495649,N,1376.8027777777777
495924,N,1377.5666666666666
496201,N,1378.3361111111112
496499,N,1379.1638888888888
496712,A,1379.7555555555555
497074,N,1380.7611111111112
497376,N,1381.6
497664,N,1382.4
497945,N,1383.1805555555557
498230,N,1383.9722222222222
498517,N,1384.7694444444444
498812,N,1385.588888888889
499114,N,1386.4277777777777
499417,N,1387.2694444444444
499701,N,1388.0583333333334
499987,N,1388.8527777777779
500268,N,1389.6333333333334
500549,N,1390.4138888888888
500847,N,1391.2416666666666
501145,N,1392.0694444444443
501448,N,1392.911111111111
501745,N,1393.736111111111
502039,N,1394.5527777777777
502316,N,1395.3222222222223
502601,N,1396.1138888888888
502888,N,1396.911111111111
503191,N,1397.7527777777777
503496,N,1398.6
503794,N,1399.4277777777777
504080,N,1400.2222222222222
504372,N,1401.0333333333333
504654,N,1401.8166666666666
504936,N,1402.6
505227,N,1403.4083333333333
505528,N,1404.2444444444445
505830,N,1405.0833333333333
506125,N,1405.9027777777778
506398,N,1406.661111111111
506679,N,1407.4416666666666
506969,N,1408.2472222222223
507256,N,1409.0444444444445
507552,N,1409.8666666666666
507855,N,1410.7083333333333
508159,N,1411.5527777777777
508455,N,1412.375
508744,N,1413.1777777777777
509019,N,1413.9416666666666
509319,N,1414.775
509623,N,1415.6194444444445
509923,N,1416.4527777777778
510220,N,1417.2777777777778
510520,N,1418.111111111111
510804,N,1418.9
511093,N,1419.7027777777778
511371,N,1420.475
511660,N,1421.2777777777778
511970,N,1422.138888888889
512277,N,1422.9916666666666
512567,N,1423.7972222222222
512851,N,1424.5861111111112
513135,N,1425.375
513424,N,1426.1777777777777
513719,N,1426.9972222222223
514014,N,1427.8166666666666
514318,N,1428.661111111111
514628,N,1429.5222222222221
514919,N,1430.3305555555555
515194,N,1431.0944444444444
515476,N,1431.8777777777777
515762,N,1432.6722222222222
516065,N,1433.513888888889
516371,N,1434.3638888888888
516667,N,1435.1861111111111
516970,N,1436.0277777777778
517266,N,1436.85
517553,N,1437.6472222222221
517832,N,1438.4222222222222
518127,N,1439.2416666666666
518426,N,1440.0722222222223
518734,N,1440.9277777777777
519028,N,1441.7444444444445
519307,N,1442.5194444444444
519594,N,1443.3166666666666
519882,N,1444.1166666666666
520149,N,1444.8583333333333
520463,N,1445.7305555555556
520768,N,1446.5777777777778
520982,A,1447.1722222222222
521342,N,1448.1722222222222
521627,N,1448.963888888889
521913,N,1449.7583333333334
522209,N,1450.5805555555555
522511,N,1451.4194444444445
522815,N,1452.263888888889
523116,N,1453.1
523416,N,1453.9333333333334
523708,N,1454.7444444444445
523999,N,1455.5527777777777
524279,N,1456.3305555555555
524577,N,1457.1583333333333
524890,N,1458.0277777777778
525198,N,1458.8833333333334
525492,N,1459.7
525780,N,1460.5
526064,N,1461.2888888888888
526355,N,1462.0972222222222
526646,N,1462.9055555555556
526941,N,1463.725
527243,N,1464.5638888888889
527549,N,1465.4138888888888
527838,N,1466.2166666666667
528118,N,1466.9944444444445
528402,N,1467.7833333333333
528689,N,1468.5805555555555
528991,N,1469.4194444444445
529293,N,1470.2583333333334
529599,N,1471.1083333333333
529897,N,1471.9361111111111
530191,N,1472.7527777777777
530471,N,1473.5305555555556
530762,N,1474.338888888889
531057,N,1475.1583333333333
531358,N,1475.9944444444445
531668,N,1476.8555555555556
531967,N,1477.6861111111111
532257,N,1478.4916666666666
532544,N,1479.2888888888888
532828,N,1480.0777777777778
533121,N,1480.8916666666667
533416,N,1481.7111111111112
533719,N,1482.5527777777777
534012,N,1483.3666666666666
534307,N,1484.1861111111111
534592,N,1484.9777777777779
534873,N,1485.7583333333334
535161,N,1486.5583333333334
535459,N,1487.3861111111112
535768,N,1488.2444444444445
536067,N,1489.075
536364,N,1489.9
536644,N,1490.6777777777777
536930,N,1491.4722222222222
537212,N,1492.2555555555555
537505,N,1493.0694444444443
537810,N,1493.9166666666667
538115,N,1494.763888888889
538421,N,1495.6138888888888
538707,N,1496.4083333333333
538993,N,1497.2027777777778
539278,N,1497.9944444444445
539575,N,1498.8194444444443
539874,N,1499.65
540172,N,1500.4777777777779
540472,N,1501.3111111111111
540768,N,1502.1333333333334
541052,N,1502.9222222222222
541334,N,1503.7055555555555
541616,N,1504.4888888888888
541916,N,1505.3222222222223
542226,N,1506.1833333333334
542529,N,1507.025
542825,N,1507.8472222222222
543116,N,1508.6555555555556
543407,N,1509.463888888889
543689,N,1510.2472222222223
543983,N,1511.0638888888889
544285,N,1511.9027777777778
544590,N,1512.75
544895,N,1513.5972222222222
545182,N,1514.3944444444444
545455,N,1515.1527777777778
545741,N,1515.9472222222223
546022,N,1516.7277777777779
546306,N,1517.5166666666667
546599,N,1518.3305555555555
546792,V,1518.8666666666666
547199,N,1519.9972222222223
547482,N,1520.7833333333333
547758,N,1521.55
548032,N,1522.3111111111111
548334,N,1523.15
548632,N,1523.9777777777779
548926,N,1524.7944444444445
549217,N,1525.6027777777779
549502,N,1526.3944444444444
549784,N,1527.1777777777777
550070,N,1527.9722222222222
550348,N,1528.7444444444445
550639,N,1529.5527777777777
550952,N,1530.4222222222222
551253,N,1531.2583333333334
551532,N,1532.0333333333333
551815,N,1532.8194444444443
552096,N,1533.6
552385,N,1534.4027777777778
552680,N,1535.2222222222222
552974,N,1536.0388888888888
553282,N,1536.8944444444444
553588,N,1537.7444444444445
553876,N,1538.5444444444445
554154,N,1539.3166666666666
554439,N,1540.1083333333333
554723,N,1540.8972222222221
555026,N,1541.7388888888888
555323,N,1542.5638888888889
555613,N,1543.3694444444445
555914,N,1544.2055555555555
556203,N,1545.0083333333334
556486,N,1545.7944444444445
556765,N,1546.5694444444443
557056,N,1547.3777777777777
557361,N,1548.225
557667,N,1549.075
557962,N,1549.8944444444444
558238,N,1550.661111111111
558527,N,1551.463888888889
558813,N,1552.2583333333334
559102,N,1553.0611111111111
559395,N,1553.875
559695,N,1554.7083333333333
559997,N,1555.5472222222222
560295,N,1556.375
560576,N,1557.1555555555556
560846,N,1557.9055555555556
561141,N,1558.725
561435,N,1559.5416666666667
561732,N,1560.3666666666666
562019,N,1561.1638888888888
562308,N,1561.9666666666667
562591,N,1562.7527777777777
562812,A,1563.3666666666666
563141,N,1564.2805555555556
563423,N,1565.0638888888889
563731,N,1565.9194444444445
564030,N,1566.75
564320,N,1567.5555555555557
564601,N,1568.3361111111112
564883,N,1569.1194444444445
565164,N,1569.9
565452,N,1570.7
565741,N,1571.5027777777777
566041,N,1572.3361111111112
566259,A,1572.9416666666666
566615,N,1573.9305555555557
566899,N,1574.7194444444444
567185,N,1575.513888888889
567379,A,1576.0527777777777
567721,N,1577.0027777777777
568027,N,1577.8527777777779
568326,N,1578.6833333333334
568624,N,1579.5111111111112
568919,N,1580.3305555555555
569204,N,1581.1222222222223
569482,N,1581.8944444444444
569762,N,1582.6722222222222
570058,N,1583.4944444444445
570366,N,1584.35
570668,N,1585.1888888888889
570957,N,1585.9916666666666
571246,N,1586.7944444444445
571538,N,1587.6055555555556
571831,N,1588.4194444444445
572122,N,1589.2277777777779
572428,N,1590.0777777777778
572730,N,1590.9166666666667
573040,N,1591.7777777777778
573328,N,1592.5777777777778
573608,N,1593.3555555555556
573893,N,1594.1472222222221
574193,N,1594.9805555555556
574429,A,1595.6361111111112
574786,N,1596.6277777777777
575095,N,1597.486111111111
575387,N,1598.2972222222222
575678,N,1599.1055555555556
575959,N,1599.8861111111112
576248,N,1600.6888888888889
576551,N,1601.5305555555556
576862,N,1602.3944444444444
577162,N,1603.2277777777779
577456,N,1604.0444444444445
577741,N,1604.8361111111112
578025,N,1605.625
578310,N,1606.4166666666667
578600,N,1607.2222222222222
578901,N,1608.0583333333334
579204,N,1608.9
579448,A,1609.5777777777778
579790,N,1610.5277777777778
580074,N,1611.3166666666666
580357,N,1612.1027777777779
580648,N,1612.911111111111
580947,N,1613.7416666666666
581246,N,1614.5722222222223
581543,N,1615.3972222222221
581834,N,1616.2055555555555
582119,N,1616.9972222222223
582395,N,1617.763888888889
582668,N,1618.5222222222221
582919,N,1619.2194444444444
583239,N,1620.1083333333333
583539,N,1620.9416666666666
583821,N,1621.725
584097,N,1622.4916666666666
584363,N,1623.2305555555556
584635,N,1623.986111111111
584903,N,1624.7305555555556
585175,N,1625.486111111111
585454,N,1626.2611111111112
585731,N,1627.0305555555556
586011,N,1627.8083333333334
586275,N,1628.5416666666667
586525,N,1629.236111111111
586771,N,1629.9194444444445
587030,N,1630.638888888889
587299,N,1631.3861111111112
587572,N,1632.1444444444444
587843,N,1632.8972222222221
588113,N,1633.6472222222221
588377,N,1634.3805555555555
588643,N,1635.1194444444445
588905,N,1635.8472222222222
589177,N,1636.6027777777779
589454,N,1637.3722222222223
589747,N,1638.1861111111111
590040,N,1639.0
590316,N,1639.7666666666667
590588,N,1640.5222222222221
590863,N,1641.286111111111
591143,N,1642.0638888888889
591417,N,1642.825
591706,N,1643.6277777777777
591999,N,1644.4416666666666
592288,N,1645.2444444444445
592571,N,1646.0305555555556
592853,N,1646.8138888888889
593068,A,1647.411111111111
593387,N,1648.2972222222222
593683,N,1649.1194444444445
593990,N,1649.9722222222222
594280,N,1650.7777777777778
594563,N,1651.5638888888889
594855,N,1652.375
595127,N,1653.1305555555555
595402,N,1653.8944444444444
595690,N,1654.6944444444443
595992,N,1655.5333333333333
596278,N,1656.3277777777778
596584,N,1657.1777777777777
596879,N,1657.9972222222223
597136,N,1658.7111111111112
597402,N,1659.45
597670,N,1660.1944444444443
597925,N,1660.9027777777778
598186,N,1661.6277777777777
598458,N,1662.3833333333334
598713,N,1663.0916666666667
598969,N,1663.8027777777777
599222,N,1664.5055555555555
599468,N,1665.1888888888889
599703,N,1665.8416666666667
599952,N,1666.5333333333333
600214,N,1667.2611111111112
600483,N,1668.0083333333334
600739,N,1668.7194444444444
601011,N,1669.475
601273,N,1670.2027777777778
601537,N,1670.9361111111111
601799,N,1671.6638888888888
602064,N,1672.4
602330,N,1673.138888888889
602610,N,1673.9166666666667
602893,N,1674.7027777777778
603179,N,1675.4972222222223
603455,N,1676.263888888889
603722,N,1677.0055555555555
603989,N,1677.7472222222223
604277,N,1678.5472222222222
604564,N,1679.3444444444444
604844,N,1680.1222222222223
605148,N,1680.9666666666667
605459,N,1681.8305555555555
605737,N,1682.6027777777779
606008,N,1683.3555555555556
606293,N,1684.1472222222221
606587,N,1684.963888888889
606880,N,1685.7777777777778
607178,N,1686.6055555555556
607475,N,1687.4305555555557
607766,N,1688.2388888888888
608043,N,1689.0083333333334
608309,N,1689.7472222222223
608576,N,1690.4888888888888
608853,N,1691.2583333333334
609136,N,1692.0444444444445
609425,N,1692.8472222222222
609715,N,1693.6527777777778
609987,N,1694.4083333333333
610262,N,1695.1722222222222
610544,N,1695.9555555555555
610823,N,1696.7305555555556
611108,N,1697.5222222222221
611399,N,1698.3305555555555
611695,N,1699.1527777777778
611986,N,1699.9611111111112
612263,N,1700.7305555555556
612539,N,1701.4972222222223
612819,N,1702.275
613108,N,1703.0777777777778
613399,N,1703.8861111111112
613693,N,1704.7027777777778
613983,N,1705.5083333333334
614259,N,1706.275
614539,N,1707.0527777777777
614816,N,1707.8222222222223
615089,N,1708.5805555555555
615370,N,1709.361111111111
615676,N,1710.2111111111112
615968,N,1711.0222222222221
616250,N,1711.8055555555557
616526,N,1712.5722222222223
616803,N,1713.3416666666667
617086,N,1714.1277777777777
617366,N,1714.9055555555556
617655,N,1715.7083333333333
617949,N,1716.525
618248,N,1717.3555555555556
618528,N,1718.1333333333334
618804,N,1718.9
619081,N,1719.6694444444445
619362,N,1720.45
619653,N,1721.2583333333334
619951,N,1722.0861111111112
620249,N,1722.9138888888888
620541,N,1723.725
620826,N,1724.5166666666667
621102,N,1725.2833333333333
621379,N,1726.0527777777777
621661,N,1726.8361111111112
621944,N,1727.6222222222223
622247,N,1728.463888888889
622541,N,1729.2805555555556
622823,N,1730.0638888888889
623089,N,1730.8027777777777
623367,N,1731.575
623638,N,1732.3277777777778
623917,N,1733.1027777777779
624191,N,1733.8638888888888
624482,N,1734.6722222222222
624765,N,1735.4583333333333
625048,N,1736.2444444444445
625309,N,1736.9694444444444
625579,N,1737.7194444444444
625853,N,1738.4805555555556
626138,N,1739.2722222222221
626427,N,1740.075
626715,N,1740.875
627000,N,1741.6666666666667
627281,N,1742.4472222222223
627555,N,1743.2083333333333
627827,N,1743.963888888889
628103,N,1744.7305555555556
628391,N,1745.5305555555556
628688,N,1746.3555555555556
628981,N,1747.1694444444445
629171,A,1747.6972222222223
629494,N,1748.5944444444444
629761,N,1749.3361111111112
630027,N,1750.075
630289,N,1750.8027777777777
630561,N,1751.5583333333334
630836,N,1752.3222222222223
631110,N,1753.0833333333333
631377,N,1753.825
631636,N,1754.5444444444445
631898,N,1755.2722222222221
632156,N,1755.9888888888888
632414,N,1756.7055555555555
632688,N,1757.4666666666667
632958,N,1758.2166666666667
633229,N,1758.9694444444444
633498,N,1759.7166666666667
633768,N,1760.4666666666667
634028,N,1761.1888888888889
634283,N,1761.8972222222221
634545,N,1762.625
634826,N,1763.4055555555556
635107,N,1764.1861111111111
635394,N,1764.9833333333333
635684,N,1765.7888888888888
635966,N,1766.5722222222223
636238,N,1767.3277777777778
636520,N,1768.111111111111
636811,N,1768.9194444444445
637105,N,1769.736111111111
637399,N,1770.5527777777777
637704,N,1771.4
637997,N,1772.213888888889
638282,N,1773.0055555555555
638560,N,1773.7777777777778
638846,N,1774.5722222222223
639140,N,1775.388888888889
639446,N,1776.2388888888888
639744,N,1777.0666666666666
640039,N,1777.8861111111112
640329,N,1778.6916666666666
640615,N,1779.486111111111
640900,N,1780.2777777777778
641178,N,1781.05
641479,N,1781.8861111111112
641777,N,1782.713888888889
642065,N,1783.513888888889
642337,N,1784.2694444444444
642614,N,1785.0388888888888
642887,N,1785.7972222222222
643164,N,1786.5666666666666
643439,N,1787.3305555555555
643721,N,1788.1138888888888
644005,N,1788.9027777777778
644286,N,1789.6833333333334
644547,N,1790.4083333333333
644807,N,1791.1305555555555
645063,N,1791.8416666666667
645320,N,1792.5555555555557
645581,N,1793.2805555555556
645863,N,1794.0638888888889
646132,N,1794.8111111111111
646393,N,1795.536111111111
646658,N,1796.2722222222221
646916,N,1796.9888888888888
647168,N,1797.6888888888889
647414,N,1798.3722222222223
647672,N,1799.088888888889
647934,N,1799.8166666666666
648203,N,1800.5638888888889
648477,N,1801.325
648733,N,1802.036111111111
648978,N,1802.7166666666667
649232,N,1803.4222222222222
649484,N,1804.1222222222223
649734,N,1804.8166666666666
649991,N,1805.5305555555556
